Firenena Hitoerana,Province/Remote,Titre,Taona niasana,Karama,Unité,Fréquence
Belgique,Bruxelles,Consultant IT,8, 48 000,€ (EUR),Taona
Belgique,Belgique,Senior Fullstack.NET,10, 66 000,€ (EUR),Taona
Canada,Québec,Analyste programmeur junior,"1,5", 54 000,C$ (CAD),Taona
Canada,Québec,Junior,2, 40 000,C$ (CAD),Taona
Canada,Québec,Dev Java,2, 80 000,C$ (CAD),Taona
Canada,Québec,Product Owner,3, 22 000,C$ (CAD),Taona
Canada,Québec,Analyste développeur,"4,5", 72 900,C$ (CAD),Taona
Canada,Québec,Dev backend,6, 70 000,C$ (CAD),Taona
Canada,Quebec,"Ingénieur DevOps, Java, Camunda BPM",7, 108 000,C$ (CAD),Taona
Canada,Quebec,Senior Software Engineer,9, 70 000,C$ (CAD),Taona
Canada,Québec,Business analyst,9, 72 000,C$ (CAD),Taona
Canada,Quebec,Senior Software Engineer,10, 135 000,C$ (CAD),Taona
Canada,Quebec,Associate development architect,12, 120 000,C$ (CAD),Taona
Canada,Québec,Platform Engineer,12, 150 000,C$ (CAD),Taona
Canada,Quebec,Web,14, 70 000,C$ (CAD),Taona
Canada,Québec,Analyste en informatique,20, 95 000,C$ (CAD),Taona
France,Paris,Backend Dev,2, 30 000,€ (EUR),Taona
France,Montpellier,Junior Software Engineer,2, 32 000,€ (EUR),Taona
France,"Paris, Ile-de-France",Fullstack developer,3, 43 000,€ (EUR),Taona
France,Île-de-France,Chef de projet MOA SI,3, 44 000,€ (EUR),Taona
France,Paris,Consultant Technique,4, 42 000,€ (EUR),Taona
France,Île-de-France,Backend engineer,4, 43 000,€ (EUR),Taona
France,Bouche du Rhone,Ingénieur en développement,5, 42 000,€ (EUR),Taona
France,Full remote (Paris),Tech lead Flutter,5, 66 000,€ (EUR),Taona
France,Lyon,Ingénieur DevOps,6, 52 000,€ (EUR),Taona
France,Pays De La Loire,Tech Lead Java,7, 42 000,€ (EUR),Taona
France,Paris,Dev fullstack,8, 44 000,€ (EUR),Taona
France,Îles-de-France,Senior,9, 67 000,€ (EUR),Taona
France,paris,responsable de projets informatiques - dev,10, 60 000,€ (EUR),Taona
France,Iles de France,Tech Lead,10, 69 000,€ (EUR),Taona
France,Paris,Dev confirmé iOS,12, 54 000,€ (EUR),Taona
France,Nord-Pas-de-Calais,Senior Software Engineer,13, 65 000,€ (EUR),Taona
France,Ile de France,Consultant en développement .Net C#,15, 70 000,€ (EUR),Taona
La Réunion,La Réunion,"Confirmé Fullstack PHP (Framework yii, jquery)",2,  500,€ (EUR),Volana
Madagascar,Toamasina,Dev fullstack junior,"0,5", 300 000,Ariary (MGA),Volana
Madagascar,Antananarivo,Stagiaire développeur backend,"0,5", 700 000,Ariary (MGA),Volana
Madagascar,Antananarivo,Développeur angular junior,"0,5", 800 000,Ariary (MGA),Volana
Madagascar,Antananarivo,Junior Software Engineer,"0,5",1 000 000,Ariary (MGA),Volana
Madagascar,antananarivo,Webmaster Dev wordpress,"0,5",1 010 000,Ariary (MGA),Volana
Madagascar,Antananarivo,Frontend Dev,"0,5",1 500 000,Ariary (MGA),Volana
Madagascar,Antananarivo,Développeur Intelligence Artificielle junior,"0,5",1 800 000,Ariary (MGA),Volana
Madagascar,Antananarivo,Intégrateur web,"0,5",2 680 000,Ariary (MGA),Volana
Madagascar,Antananarivo,Stagiaire,1, 500 000,Ariary (MGA),Volana
Madagascar,Antananarivo,Alternant,1, 550 000,Ariary (MGA),Volana
Madagascar,Analamanga,Développeur Junior ReactJs,1, 600 000,Ariary (MGA),Volana
Madagascar,Antananarivo,Developpeur,1, 650 000,Ariary (MGA),Volana
Madagascar,Antananarivo,Dev full stack,1, 800 000,Ariary (MGA),Volana
Madagascar,Madagascar,Freelance Data Analyst,1,1 000 000,Ariary (MGA),Volana
Madagascar,Antananarivo,Full stack Dev,1,1 200 000,Ariary (MGA),Volana
Madagascar,Antananarivo,Frontend Dev,1,1 200 000,Ariary (MGA),Volana
Madagascar,Antananarivo,Data analyste junior,1,1 200 000,Ariary (MGA),Volana
Madagascar,Antananarivo,Dev fullStack Junior,1,1 200 000,Ariary (MGA),Volana
Madagascar,Antananarivo,Data scientist,1,1 200 000,Ariary (MGA),Volana
Madagascar,Antananarivo,C++ developer,1,1 222 000,Ariary (MGA),Volana
Madagascar,Madagascar,Web dev,1,1 320 000,Ariary (MGA),Volana
Madagascar,Antananarivo,Developpeur Odoo Junior,1,1 400 000,Ariary (MGA),Volana
Madagascar,Tananarivo,Junior Frontend dev,1,1 400 000,Ariary (MGA),Volana
Madagascar,Antananarivo,Backend dev junior,1,1 600 000,Ariary (MGA),Volana
Madagascar,Toliara,Data Scientist,1,1 850 000,Ariary (MGA),Volana
Madagascar,Fianarantsoa,FullStack Dev,1,1 900 000,Ariary (MGA),Volana
Madagascar,Antananarivo,Fullstack developer,1,2 000 000,Ariary (MGA),Volana
Madagascar,Antananarivo,Data scientist junior,1,2 000 000,Ariary (MGA),Volana
Madagascar,Antananarivo,Junior Developer Power Apps,1,2 100 000,Ariary (MGA),Volana
Madagascar,Antananarivo,Lead Data Scientist,1,2 400 000,Ariary (MGA),Volana
Madagascar,Antananarivo,Data analyst,1,3 000 000,Ariary (MGA),Volana
Madagascar,Fianarantsoa,Software Engineer,1,3 000 000,Ariary (MGA),Volana
Madagascar,Antananarivo,Dev,1,9 600 000,Ariary (MGA),Volana
Madagascar,Antananarivo,Junior fullstack dev,"1,5", 500 000,Ariary (MGA),Volana
Madagascar,Antananarivo,Back end junior,"1,5",1 400 000,Ariary (MGA),Volana
Madagascar,Antananarivo,Intégrateur confirmé,"1,5",1 500 000,Ariary (MGA),Volana
Madagascar,Antananarivo,Fullstack Dev,"1,5",1 500 000,Ariary (MGA),Volana
Madagascar,Madagascar,Dev Fullstack,"1,5",1 760 000,Ariary (MGA),Volana
Madagascar,Antananarivo,FullStack Dev,"1,5",2 000 000,Ariary (MGA),Volana
Madagascar,Antananarivo,Frontend Dev,"1,5",2 500 000,Ariary (MGA),Volana
Madagascar,Fianarantsoa,Backend dev,2, 800 000,Ariary (MGA),Volana
Madagascar,Antananarivo,Backend Dev,2, 850 000,Ariary (MGA),Volana
Madagascar,Antananarivo,Développeur Fullstack,2,1 000 000,Ariary (MGA),Volana
Madagascar,Antananarivo,Agent de banque,2,1 000 000,Ariary (MGA),Volana
Madagascar,Madagascar,Full Stack Developpeur,2,1 000 000,Ariary (MGA),Volana
Madagascar,Antananarivo,Frontend dev,2,1 200 000,Ariary (MGA),Volana
Madagascar,Antananarivo,Jr React/Node Freelance,2,1 400 000,Ariary (MGA),Volana
Madagascar,Fianarantsoa,Web Designer,2,1 400 000,Ariary (MGA),Volana
Madagascar,Antananarivo,Developpeur Odoo,2,1 500 000,Ariary (MGA),Volana
Madagascar,Antananarivo,Dévéloppeur php,2,1 500 000,Ariary (MGA),Volana
Madagascar,Antananarivo,Full stack,2,1 500 000,Ariary (MGA),Volana
Madagascar,Antananarivo,Développeur Backend (symfony),2,1 500 000,Ariary (MGA),Volana
Madagascar,Antananarivo,Junior frontend dev (React),2,1 600 000,Ariary (MGA),Volana
Madagascar,Antananarivo,Frontend dev Junior/semi-confirmé,2,1 600 000,Ariary (MGA),Volana
Madagascar,Antananarivo,Frontend Dev,2,1 600 000,Ariary (MGA),Volana
Madagascar,Antananarivo,Backend Dev,2,1 600 000,Ariary (MGA),Volana
Madagascar,Antananarivo,IA/ML Engineer,2,2 000 000,Ariary (MGA),Volana
Madagascar,Antananarivo,Ingénieur Développeur,2,2 000 000,Ariary (MGA),Volana
Madagascar,Antananarivo,React developer,2,2 000 000,Ariary (MGA),Volana
Madagascar,Madagascar,Data Scientist,2,2 000 000,Ariary (MGA),Volana
Madagascar,Madagascar,Frontend Dev,2,2 000 000,Ariary (MGA),Volana
Madagascar,Antananarivo,Fullstack Developer,2,2 100 000,Ariary (MGA),Volana
Madagascar,Antananarivo,"Frontend Dev (angular, react, next)",2,2 300 000,Ariary (MGA),Volana
Madagascar,Antananarivo,Software engineer,2,2 500 000,Ariary (MGA),Volana
Madagascar,Antananarivo,Full stack developer,2,2 800 000,Ariary (MGA),Volana
Madagascar,Antananarivo,Développeur Business intelligence,2,2 800 000,Ariary (MGA),Volana
Madagascar,Antananarivo,Data Analyst,2,3 000 000,Ariary (MGA),Volana
Madagascar,Antananarivo,Dev Fullstack Angular .Net,2,3 500 000,Ariary (MGA),Volana
Madagascar,Analamanga,Mobile Dev,2,3 700 000,Ariary (MGA),Volana
Madagascar,Antananarivo,Junior Data Scientist,2,4 025 698,Ariary (MGA),Volana
Madagascar,Antananarivo,Fullstack dev,"2,5",1 000 000,Ariary (MGA),Volana
Madagascar,Antananarivo,Data Engineer,"2,5",1 800 000,Ariary (MGA),Volana
Madagascar,Antananarivo,Junior développeur,"2,5",1 800 000,Ariary (MGA),Volana
Madagascar,Antananarivo,Frontend Dev,"2,5",2 000 000,Ariary (MGA),Volana
Madagascar,Antananarivo,Frontend dev,"2,5",2 200 000,Ariary (MGA),Volana
Madagascar,Madagascar,Senior developer,"2,5",3 000 000,Ariary (MGA),Volana
Madagascar,Remote France,Dev Fullstack Medior,3, 360 000,Ariary (MGA),Volana
Madagascar,Toamasina,Technicien,3, 800 000,Ariary (MGA),Volana
Madagascar,Antananarivo,fullstack dev,3, 825 000,Ariary (MGA),Volana
Madagascar,Analamanga,Infographiste/Web developer,3,1 200 000,Ariary (MGA),Volana
Madagascar,Antananarivo,Développeur Fullstack,3,1 400 000,Ariary (MGA),Volana
Madagascar,Mahajanga,Software engineer,3,1 800 000,Ariary (MGA),Volana
Madagascar,Fianarantsoa,Software Engineer,3,1 980 000,Ariary (MGA),Volana
Madagascar,Antananarivo,Backend dev,3,2 000 000,Ariary (MGA),Volana
Madagascar,Toamasina,Developpeur unity/unreal,3,2 000 000,Ariary (MGA),Volana
Madagascar,Antananarivo,Fullstack Dev (part time),3,2 000 000,Ariary (MGA),Volana
Madagascar,Antananarivo,Mid Software Engineer,3,2 000 000,Ariary (MGA),Volana
Madagascar,Antananarivo,dev java - angular,3,2 000 000,Ariary (MGA),Volana
Madagascar,Antananarivo,Administrateur réseau,3,2 100 000,Ariary (MGA),Volana
Madagascar,Antananarivo,Odoo développeur confirmé,3,2 100 000,Ariary (MGA),Volana
Madagascar,Antananarivo,Full stack php confirmé,3,2 200 000,Ariary (MGA),Volana
Madagascar,Antananarivo,Software Engineer,3,2 260 000,Ariary (MGA),Volana
Madagascar,Fianarantsoa,Full stack developer,3,2 400 000,Ariary (MGA),Volana
Madagascar,antananarivo,software engineer,3,2 400 000,Ariary (MGA),Volana
Madagascar,Antananarivo,FullStack Developer,3,2 500 000,Ariary (MGA),Volana
Madagascar,Antananarivo,Backend Dev,3,2 500 000,Ariary (MGA),Volana
Madagascar,Antananarivo,Développeur Java/Spring Boot,3,2 700 000,Ariary (MGA),Volana
Madagascar,Fianarantsoa,Dev Frontend,3,2 800 000,Ariary (MGA),Volana
Madagascar,Antananarivo,Frontend Dev,3,2 800 000,Ariary (MGA),Volana
Madagascar,Antananarivo,DevOps Engineer / Dev Web,3,3 000 000,Ariary (MGA),Volana
Madagascar,Antananarivo,FullStack dev,3,3 000 000,Ariary (MGA),Volana
Madagascar,Antananarivo,Développeur Flutter,3,3 000 000,Ariary (MGA),Volana
Madagascar,Antananarivo,Developer,3,3 300 000,Ariary (MGA),Volana
Madagascar,Madagascar,Frontend dev,3,3 500 000,Ariary (MGA),Volana
Madagascar,Fianarantsoa,Front-end Dev,3,3 500 000,Ariary (MGA),Volana
Madagascar,Antananarivo,Expert IA,3,4 000 000,Ariary (MGA),Volana
Madagascar,Analamanga,Lead Backend Dev,3,4 000 000,Ariary (MGA),Volana
Madagascar,Antananarivo,Data engineer,3,4 000 000,Ariary (MGA),Volana
Madagascar,Antananarivo,Freelance Python Dev,3,4 000 000,Ariary (MGA),Volana
Madagascar,Antananarivo,Senior frontend vue js,3,4 800 000,Ariary (MGA),Volana
Madagascar,Antananarivo,Dev fullstack Js/Ts,3,5 000 000,Ariary (MGA),Volana
Madagascar,Antananarivo,Senior Software Engineer,3,5 500 000,Ariary (MGA),Volana
Madagascar,Remote France,"Backend Dev - WordPress, PrestaShop",3,5 800 000,Ariary (MGA),Volana
Madagascar,Antananarivo,Consultant SAP (junior),"3,5",2 300 000,Ariary (MGA),Volana
Madagascar,Antananarivo,Senior software,"3,5",7 000 000,Ariary (MGA),Volana
Madagascar,Antananarivo,Développeur alternant,4, 500 000,Ariary (MGA),Volana
Madagascar,Antananarivo,Ingénieur développeur (Java),4,1 485 000,Ariary (MGA),Volana
Madagascar,Antananarivo,Développeur Symfony 5,4,1 500 000,Ariary (MGA),Volana
Madagascar,Antananarivo,Dev Java,4,1 900 000,Ariary (MGA),Volana
Madagascar,Antananarivo,Mobile Application Developer,4,2 100 000,Ariary (MGA),Volana
Madagascar,Antananarivo,Software engineer,4,2 200 000,Ariary (MGA),Volana
Madagascar,Antananarivo,Technical Support Dev,4,2 400 000,Ariary (MGA),Volana
Madagascar,Antananarivo,FullStack junior,4,2 500 000,Ariary (MGA),Volana
Madagascar,Antananarivo,Data engineer,4,3 000 000,Ariary (MGA),Volana
Madagascar,Antananarivo,Data Analyst,4,3 000 000,Ariary (MGA),Volana
Madagascar,Antananarivo,Backend senior,4,3 000 000,Ariary (MGA),Volana
Madagascar,Antananarivo,Senior Software Engineer,4,3 400 000,Ariary (MGA),Volana
Madagascar,Antananarivo,Lead Dev,4,3 700 000,Ariary (MGA),Volana
Madagascar,Antananarivo,Développeur PHP,4,4 000 000,Ariary (MGA),Volana
Madagascar,Antananarivo,Senior Software Engineer,4,4 000 000,Ariary (MGA),Volana
Madagascar,Antananarivo,Software Engineer,4,4 000 000,Ariary (MGA),Volana
Madagascar,Antananarivo,Lead Developer,4,4 500 000,Ariary (MGA),Volana
Madagascar,Antananarivo,Fullstack Web Developer,4,4 800 000,Ariary (MGA),Volana
Madagascar,Antananarivo,Dev python/devops,4,4 800 000,Ariary (MGA),Volana
Madagascar,Antananarivo,Fullstack dev,4,6 000 000,Ariary (MGA),Volana
Madagascar,Ihosy,Medium full stack developpee,4,7 300 000,Ariary (MGA),Volana
Madagascar,Analamanga,DÉVELOPPEUR WEB / MOBILE CONFIRMÉ,"4,5",4 000 000,Ariary (MGA),Volana
Madagascar,Antananarivo,Dev Symfony PHP,5,1 500 000,Ariary (MGA),Volana
Madagascar,Antananarivo,Tec,5,2 100 000,Ariary (MGA),Volana
Madagascar,Antananarivo,Tech lead,5,2 300 000,Ariary (MGA),Volana
Madagascar,Antananarivo,Développeur,5,2 500 000,Ariary (MGA),Volana
Madagascar,Antananarivo,Lead dev symfony,5,2 800 000,Ariary (MGA),Volana
Madagascar,Antananarivo,Senior Backend Dev Python,5,3 000 000,Ariary (MGA),Volana
Madagascar,Antananarivo,Senior Software Engineer,5,3 400 000,Ariary (MGA),Volana
Madagascar,Antananarivo,Développeur .Net senior,5,3 480 000,Ariary (MGA),Volana
Madagascar,Antananarivo,Senior Java Engineer,5,3 700 000,Ariary (MGA),Volana
Madagascar,Madagascar,Dev symfony/react,5,3 800 000,Ariary (MGA),Volana
Madagascar,Antananarivo,Lead Developer,5,3 960 000,Ariary (MGA),Volana
Madagascar,Madagascar,Tec,5,4 000 000,Ariary (MGA),Volana
Madagascar,Antananarivo,Database administrateur,5,4 800 000,Ariary (MGA),Volana
Madagascar,Antananarivo,Fullstack js developer,5,6 100 000,Ariary (MGA),Volana
Madagascar,Antananarivo,Frontend Dev,5,9 000 000,Ariary (MGA),Volana
Madagascar,Antananarivo,Senior dev ruby on rails,5,12 000 000,Ariary (MGA),Volana
Madagascar,Antananarivo,Développeur B.i,5,14 600 000,Ariary (MGA),Volana
Madagascar,Antananarivo,Dev,5,20 000 000,Ariary (MGA),Volana
Madagascar,Antananarivo,Lead developer,"5,5",6 169 090,Ariary (MGA),Volana
Madagascar,Antananarivo,Fullstack junior,6, 700 000,Ariary (MGA),Volana
Madagascar,Antananarivo,Designer,6,1 300 000,Ariary (MGA),Volana
Madagascar,Antananarivo,Senior Software Engineer,6,2 450 000,Ariary (MGA),Volana
Madagascar,Antananarivo,Technical project manager PHP,6,2 500 000,Ariary (MGA),Volana
Madagascar,Antananarivo,Chef de projet,6,2 700 000,Ariary (MGA),Volana
Madagascar,Antananarivo,Senior développeur,6,3 300 000,Ariary (MGA),Volana
Madagascar,Antananarivo,Frontend dev,6,6 000 000,Ariary (MGA),Volana
Madagascar,Fianarantsoa,Backend dev,6,6 500 000,Ariary (MGA),Volana
Madagascar,Antananarivo,Software Engineer,6,6 700 000,Ariary (MGA),Volana
Madagascar,Antananarivo,Senior Software Engineer,6,7 000 000,Ariary (MGA),Volana
Madagascar,Mahajanga,Senior Software Engineer,6,14 000 000,Ariary (MGA),Volana
Madagascar,Antananarivo,Webmaster,7,3 000 000,Ariary (MGA),Volana
Madagascar,Antananarivo,IT Manager,7,4 000 000,Ariary (MGA),Volana
Madagascar,Antananarivo,Développeur web Fullstack et Consultant Indépendant,7,4 800 000,Ariary (MGA),Volana
Madagascar,Antananarivo,Chef de projet,7,5 750 000,Ariary (MGA),Volana
Madagascar,Antananarivo,Fullstack dev,7,7 920 000,Ariary (MGA),Volana
Madagascar,Antananarivo,Tech Lead,7,9 500 000,Ariary (MGA),Volana
Madagascar,Antananarivo,Fullstack JS Developer,7,10 500 000,Ariary (MGA),Volana
Madagascar,Remote Belgique,Dev Mobile android/IOS,7,22 000 000,Ariary (MGA),Volana
Madagascar,Antananarivo,Developpeur backend Junior,8,1 600 000,Ariary (MGA),Volana
Madagascar,Madagascar,Product Owner,8,4 000 000,Ariary (MGA),Volana
Madagascar,Antananarivo,Senior Software Engineer,8,7 000 000,Ariary (MGA),Volana
Madagascar,Antananarivo,Développeur/ intégrateur web (PHP),8,10 000 000,Ariary (MGA),Volana
Madagascar,Antananarivo,Back Dev senior,9,2 500 000,Ariary (MGA),Volana
Madagascar,Antananarivo,Fullstack Dev,9,4 600 000,Ariary (MGA),Volana
Madagascar,Antananarivo,Directeur technique,9,6 000 000,Ariary (MGA),Volana
Madagascar,Antananarivo,IT Project Manager,10,3 000 000,Ariary (MGA),Volana
Madagascar,Antananarivo,Administrateur Systèmes et Réseaux,10,3 000 000,Ariary (MGA),Volana
Madagascar,antananarivo,senior front-end dev,10,3 500 000,Ariary (MGA),Volana
Madagascar,Antananarivo,Responsable informatique (data engineer),10,5 000 000,Ariary (MGA),Volana
Madagascar,Antananarivo,Lead technique,10,5 600 000,Ariary (MGA),Volana
Madagascar,Antananarivo,Senior wordpress developper/ SEO expert,10,7 300 000,Ariary (MGA),Volana
Madagascar,Antananarivo,Senior Dev,10,11 000 000,Ariary (MGA),Volana
Madagascar,Remote USA,Senior Software Engineer,11,37 000 000,Ariary (MGA),Volana
Madagascar,Antananarivo,Responsable infrastructure,12,3 700 000,Ariary (MGA),Volana
Madagascar,Antananarivo,Développeur Windev,12,7 800 000,Ariary (MGA),Volana
Madagascar,Antananarivo,Programmeur,14,3 600 000,Ariary (MGA),Volana
Madagascar,Antananarivo,Senior consultant fullstack,16,15 000 000,Ariary (MGA),Volana
Maurice,Ebene,Frontend Dev,4, 65 000,MUR,Volana
Maurice,Ile Maurice,Senior BI Consultant,4, 70 000,MUR,Volana
Maurice,Maurice,Front-end Dev,5, 50 000,MUR,Volana
Maurice,Maurice,Senior Back-End Developer,5, 70 000,MUR,Volana
Maurice,Maurice,Developeur PHP Laravel,6, 70 000,MUR,Volana
Maurice,Maurice,Senior Software Engineer,8, 120 000,MUR,Volana
Maurice,Plaines Wilhems,Senior Web Developer,12, 90 000,MUR,Volana
Turquie,Bursa,Fullstack web developer,"2,5", 9 600,€ (EUR),Taona
UK,Remote,Senior software engineer,3, 13 000,€ (EUR),Taona
UK,Londre,Senior Symfony Full stack developper,4, 16 000,€ (EUR),Taona
UK,London,Software Engineer,7, 160 000,€ (EUR),Taona
USA,Remote,Software Engineer,10, 144 000,$ (USD),Taona