Firenena Hitoerana,Province/Remote,Titre,Taona niasana,Karama,Unité,Fréquence
Belgique,Bruxelles,Consultant IT,8,48000,€ (EUR),Taona
Belgique,Belgique,Senior Fullstack.NET,10,66000,€ (EUR),Taona
Canada,Québec,Analyste programmeur junior,"1,5",54000,C$ (CAD),Taona
Canada,Québec,Junior,2,40000,C$ (CAD),Taona
Canada,Québec,Dev Java,2,80000,C$ (CAD),Taona
Canada,Québec,Product Owner,3,22000,C$ (CAD),Taona
Canada,Québec,Analyste développeur,"4,5",72900,C$ (CAD),Taona
Canada,Québec,Dev backend,6,70000,C$ (CAD),Taona
Canada,Quebec,"Ingénieur DevOps, Java, Camunda BPM",7,108000,C$ (CAD),Taona
Canada,Quebec,Senior Software Engineer,9,70000,C$ (CAD),Taona
Canada,Québec,Business analyst,9,72000,C$ (CAD),Taona
Canada,Quebec,Senior Software Engineer,10,135000,C$ (CAD),Taona
Canada,Quebec,Associate development architect,12,120000,C$ (CAD),Taona
Canada,Québec,Platform Engineer,12,150000,C$ (CAD),Taona
Canada,Quebec,Web,14,70000,C$ (CAD),Taona
Canada,Québec,Analyste en informatique,20,95000,C$ (CAD),Taona
France,Paris,Backend Dev,2,30000,€ (EUR),Taona
France,Montpellier,Junior Software Engineer,2,32000,€ (EUR),Taona
France,"Paris, Ile-de-France",Fullstack developer,3,43000,€ (EUR),Taona
France,Île-de-France,Chef de projet MOA SI,3,44000,€ (EUR),Taona
France,Paris,Consultant Technique,4,42000,€ (EUR),Taona
France,Île-de-France,Backend engineer,4,43000,€ (EUR),Taona
France,Bouche du Rhone,Ingénieur en développement,5,42000,€ (EUR),Taona
France,Full remote (Paris),Tech lead Flutter,5,66000,€ (EUR),Taona
France,Lyon,Ingénieur DevOps,6,52000,€ (EUR),Taona
France,Pays De La Loire,Tech Lead Java,7,42000,€ (EUR),Taona
France,Paris,Dev fullstack,8,44000,€ (EUR),Taona
France,Îles-de-France,Senior,9,67000,€ (EUR),Taona
France,paris,responsable de projets informatiques - dev,10,60000,€ (EUR),Taona
France,Iles de France,Tech Lead,10,69000,€ (EUR),Taona
France,Paris,Dev confirmé iOS,12,54000,€ (EUR),Taona
France,Nord-Pas-de-Calais,Senior Software Engineer,13,65000,€ (EUR),Taona
France,Ile de France,Consultant en développement .Net C#,15,70000,€ (EUR),Taona
La Réunion,La Réunion,"Confirmé Fullstack PHP (Framework yii, jquery)",2,500,€ (EUR),Volana
Madagascar,Toamasina,Dev,"0,5",300000,Ariary (MGA),Volana
Madagascar,Antananarivo,dev,"0,5",700000,Ariary (MGA),Volana
Madagascar,Antananarivo,dev,"0,5",800000,Ariary (MGA),Volana
Madagascar,Antananarivo,dev,"0,5",1000000,Ariary (MGA),Volana
Madagascar,antananarivo,dev,"0,5",1010000,Ariary (MGA),Volana
Madagascar,Antananarivo,dev,"0,5",1500000,Ariary (MGA),Volana
Madagascar,Antananarivo,IA/ML Engineer,"0,5",1800000,Ariary (MGA),Volana
Madagascar,Antananarivo,dev,"0,5",2680000,Ariary (MGA),Volana
Madagascar,Antananarivo,dev,1,500000,Ariary (MGA),Volana
Madagascar,Antananarivo,dev,1,550000,Ariary (MGA),Volana
Madagascar,Analamanga,dev,1,600000,Ariary (MGA),Volana
Madagascar,Antananarivo,dev,1,650000,Ariary (MGA),Volana
Madagascar,Antananarivo,dev,1,800000,Ariary (MGA),Volana
Madagascar,Madagascar,IA/ML Engineer,1,1000000,Ariary (MGA),Volana
Madagascar,Antananarivo,dev,1,1200000,Ariary (MGA),Volana
Madagascar,Antananarivo,dev,1,1200000,Ariary (MGA),Volana
Madagascar,Antananarivo,IA/ML Engineer,1,1200000,Ariary (MGA),Volana
Madagascar,Antananarivo,dev,1,1200000,Ariary (MGA),Volana
Madagascar,Antananarivo,IA/ML Engineer,1,1200000,Ariary (MGA),Volana
Madagascar,Antananarivo,dev,1,1222000,Ariary (MGA),Volana
Madagascar,Madagascar,dev,1,1320000,Ariary (MGA),Volana
Madagascar,Antananarivo,dev,1,1400000,Ariary (MGA),Volana
Madagascar,Tananarivo,dev,1,1400000,Ariary (MGA),Volana
Madagascar,Antananarivo,dev,1,1600000,Ariary (MGA),Volana
Madagascar,Toliara,IA/ML Engineer,1,1850000,Ariary (MGA),Volana
Madagascar,Fianarantsoa,dev,1,1900000,Ariary (MGA),Volana
Madagascar,Antananarivo,dev,1,2000000,Ariary (MGA),Volana
Madagascar,Antananarivo,IA/ML Engineer,1,2000000,Ariary (MGA),Volana
Madagascar,Antananarivo,dev,1,2100000,Ariary (MGA),Volana
Madagascar,Antananarivo,IA/ML Engineer,1,2400000,Ariary (MGA),Volana
Madagascar,Antananarivo,IA/ML Engineer,1,3000000,Ariary (MGA),Volana
Madagascar,Fianarantsoa,dev,1,3000000,Ariary (MGA),Volana
Madagascar,Antananarivo,Dev,1,9600000,Ariary (MGA),Volana
Madagascar,Antananarivo,dev,"1,5",500000,Ariary (MGA),Volana
Madagascar,Antananarivo,dev,"1,5",1400000,Ariary (MGA),Volana
Madagascar,Antananarivo,dev,"1,5",1500000,Ariary (MGA),Volana
Madagascar,Antananarivo,Dev,"1,5",1500000,Ariary (MGA),Volana
Madagascar,Madagascar,Dev,"1,5",1760000,Ariary (MGA),Volana
Madagascar,Antananarivo,Dev,"1,5",2000000,Ariary (MGA),Volana
Madagascar,Antananarivo,Dev,"1,5",2500000,Ariary (MGA),Volana
Madagascar,Fianarantsoa,dev,2,800000,Ariary (MGA),Volana
Madagascar,Antananarivo,Dev,2,850000,Ariary (MGA),Volana
Madagascar,Antananarivo,Dev,2,1000000,Ariary (MGA),Volana
Madagascar,Antananarivo,DevOps,2,1000000,Ariary (MGA),Volana
Madagascar,Madagascar,dev,2,1000000,Ariary (MGA),Volana
Madagascar,Antananarivo,dev,2,1200000,Ariary (MGA),Volana
Madagascar,Antananarivo,dev,2,1400000,Ariary (MGA),Volana
Madagascar,Fianarantsoa,dev,2,1400000,Ariary (MGA),Volana
Madagascar,Antananarivo,dev,2,1500000,Ariary (MGA),Volana
Madagascar,Antananarivo,Dev,2,1500000,Ariary (MGA),Volana
Madagascar,Antananarivo,dev,2,1500000,Ariary (MGA),Volana
Madagascar,Antananarivo,dev,2,1500000,Ariary (MGA),Volana
Madagascar,Antananarivo,dev,2,1600000,Ariary (MGA),Volana
Madagascar,Antananarivo,dev,2,1600000,Ariary (MGA),Volana
Madagascar,Antananarivo,dev,2,1600000,Ariary (MGA),Volana
Madagascar,Antananarivo,dev,2,1600000,Ariary (MGA),Volana
Madagascar,Antananarivo,IA/ML Engineer,2,2000000,Ariary (MGA),Volana
Madagascar,Antananarivo,dev,2,2000000,Ariary (MGA),Volana
Madagascar,Antananarivo,dev,2,2000000,Ariary (MGA),Volana
Madagascar,Madagascar,IA/ML Engineer,2,2000000,Ariary (MGA),Volana
Madagascar,Madagascar,dev,2,2000000,Ariary (MGA),Volana
Madagascar,Antananarivo,dev,2,2100000,Ariary (MGA),Volana
Madagascar,Antananarivo,dev,2,2300000,Ariary (MGA),Volana
Madagascar,Antananarivo,dev,2,2500000,Ariary (MGA),Volana
Madagascar,Antananarivo,dev,2,2800000,Ariary (MGA),Volana
Madagascar,Antananarivo,IA/ML Engineer,2,2800000,Ariary (MGA),Volana
Madagascar,Antananarivo,IA/ML Engineer,2,3000000,Ariary (MGA),Volana
Madagascar,Antananarivo,dev,2,3500000,Ariary (MGA),Volana
Madagascar,Analamanga,dev,2,3700000,Ariary (MGA),Volana
Madagascar,Antananarivo,IA/ML Engineer,2,4025698,Ariary (MGA),Volana
Madagascar,Antananarivo,dev,"2,5",1000000,Ariary (MGA),Volana
Madagascar,Antananarivo,IA/ML Engineer,"2,5",1800000,Ariary (MGA),Volana
Madagascar,Antananarivo,dev,"2,5",1800000,Ariary (MGA),Volana
Madagascar,Antananarivo,Dev,"2,5",2000000,Ariary (MGA),Volana
Madagascar,Antananarivo,dev,"2,5",2200000,Ariary (MGA),Volana
Madagascar,Madagascar,dev,"2,5",3000000,Ariary (MGA),Volana
Madagascar,Remote France,Dev,3,360000,Ariary (MGA),Volana
Madagascar,Toamasina,devops,3,800000,Ariary (MGA),Volana
Madagascar,Antananarivo,dev,3,825000,Ariary (MGA),Volana
Madagascar,Analamanga,dev,3,1200000,Ariary (MGA),Volana
Madagascar,Antananarivo,dev,3,1400000,Ariary (MGA),Volana
Madagascar,Mahajanga,dev,3,1800000,Ariary (MGA),Volana
Madagascar,Fianarantsoa,dev,3,1980000,Ariary (MGA),Volana
Madagascar,Antananarivo,dev,3,2000000,Ariary (MGA),Volana
Madagascar,Toamasina,Dev,3,2000000,Ariary (MGA),Volana
Madagascar,Antananarivo,Dev,3,2000000,Ariary (MGA),Volana
Madagascar,Antananarivo,dev,3,2000000,Ariary (MGA),Volana
Madagascar,Antananarivo,dev,3,2000000,Ariary (MGA),Volana
Madagascar,Antananarivo,devops,3,2100000,Ariary (MGA),Volana
Madagascar,Antananarivo,dev,3,2100000,Ariary (MGA),Volana
Madagascar,Antananarivo,dev,3,2200000,Ariary (MGA),Volana
Madagascar,Antananarivo,dev,3,2260000,Ariary (MGA),Volana
Madagascar,Fianarantsoa,dev,3,2400000,Ariary (MGA),Volana
Madagascar,antananarivo,dev,3,2400000,Ariary (MGA),Volana
Madagascar,Antananarivo,dev,3,2500000,Ariary (MGA),Volana
Madagascar,Antananarivo,dev,3,2500000,Ariary (MGA),Volana
Madagascar,Antananarivo,dev,3,2700000,Ariary (MGA),Volana
Madagascar,Fianarantsoa,Dev,3,2800000,Ariary (MGA),Volana
Madagascar,Antananarivo,dev,3,2800000,Ariary (MGA),Volana
Madagascar,Antananarivo,devops,3,3000000,Ariary (MGA),Volana
Madagascar,Antananarivo,dev,3,3000000,Ariary (MGA),Volana
Madagascar,Antananarivo,Dev,3,3000000,Ariary (MGA),Volana
Madagascar,Antananarivo,Dev,3,3300000,Ariary (MGA),Volana
Madagascar,Madagascar,dev,3,3500000,Ariary (MGA),Volana
Madagascar,Fianarantsoa,dev,3,3500000,Ariary (MGA),Volana
Madagascar,Antananarivo,IA/ML Engineer,3,4000000,Ariary (MGA),Volana
Madagascar,Analamanga,dev,3,4000000,Ariary (MGA),Volana
Madagascar,Antananarivo,IA/ML Engineer,3,4000000,Ariary (MGA),Volana
Madagascar,Antananarivo,dev,3,4000000,Ariary (MGA),Volana
Madagascar,Antananarivo,dev,3,4800000,Ariary (MGA),Volana
Madagascar,Antananarivo,dev,3,5000000,Ariary (MGA),Volana
Madagascar,Antananarivo,dev,3,5500000,Ariary (MGA),Volana
Madagascar,Remote France,dev,3,5800000,Ariary (MGA),Volana
Madagascar,Antananarivo,devops,"3,5",2300000,Ariary (MGA),Volana
Madagascar,Antananarivo,dev,"3,5",7000000,Ariary (MGA),Volana
Madagascar,Antananarivo,dev,4,500000,Ariary (MGA),Volana
Madagascar,Antananarivo,dev,4,1485000,Ariary (MGA),Volana
Madagascar,Antananarivo,dev,4,1500000,Ariary (MGA),Volana
Madagascar,Antananarivo,Dev,4,1900000,Ariary (MGA),Volana
Madagascar,Antananarivo,dev,4,2100000,Ariary (MGA),Volana
Madagascar,Antananarivo,dev,4,2200000,Ariary (MGA),Volana
Madagascar,Antananarivo,Dev,4,2400000,Ariary (MGA),Volana
Madagascar,Antananarivo,dev,4,2500000,Ariary (MGA),Volana
Madagascar,Antananarivo,IA/ML Engineer,4,3000000,Ariary (MGA),Volana
Madagascar,Antananarivo,IA/ML Engineer,4,3000000,Ariary (MGA),Volana
Madagascar,Antananarivo,dev,4,3000000,Ariary (MGA),Volana
Madagascar,Antananarivo,dev,4,3400000,Ariary (MGA),Volana
Madagascar,Antananarivo,dev,4,3700000,Ariary (MGA),Volana
Madagascar,Antananarivo,dev,4,4000000,Ariary (MGA),Volana
Madagascar,Antananarivo,dev,4,4000000,Ariary (MGA),Volana
Madagascar,Antananarivo,dev,4,4000000,Ariary (MGA),Volana
Madagascar,Antananarivo,dev,4,4500000,Ariary (MGA),Volana
Madagascar,Antananarivo,dev,4,4800000,Ariary (MGA),Volana
Madagascar,Antananarivo,Dev,4,4800000,Ariary (MGA),Volana
Madagascar,Antananarivo,dev,4,6000000,Ariary (MGA),Volana
Madagascar,Ihosy,dev,4,7300000,Ariary (MGA),Volana
Madagascar,Analamanga,dev,"4,5",4000000,Ariary (MGA),Volana
Madagascar,Antananarivo,Dev,5,1500000,Ariary (MGA),Volana
Madagascar,Antananarivo,devops,5,2100000,Ariary (MGA),Volana
Madagascar,Antananarivo,dev,5,2300000,Ariary (MGA),Volana
Madagascar,Antananarivo,dev,5,2500000,Ariary (MGA),Volana
Madagascar,Antananarivo,dev,5,2800000,Ariary (MGA),Volana
Madagascar,Antananarivo,dev,5,3000000,Ariary (MGA),Volana
Madagascar,Antananarivo,dev,5,3400000,Ariary (MGA),Volana
Madagascar,Antananarivo,dev,5,3480000,Ariary (MGA),Volana
Madagascar,Antananarivo,dev,5,3700000,Ariary (MGA),Volana
Madagascar,Madagascar,dev,5,3800000,Ariary (MGA),Volana
Madagascar,Antananarivo,dev,5,3960000,Ariary (MGA),Volana
Madagascar,Madagascar,devops,5,4000000,Ariary (MGA),Volana
Madagascar,Antananarivo,IA/ML Engineer,5,4800000,Ariary (MGA),Volana
Madagascar,Antananarivo,dev,5,6100000,Ariary (MGA),Volana
Madagascar,Antananarivo,dev,5,9000000,Ariary (MGA),Volana
Madagascar,Antananarivo,dev,5,12000000,Ariary (MGA),Volana
Madagascar,Antananarivo,IA/ML Engineer,5,14600000,Ariary (MGA),Volana
Madagascar,Antananarivo,Dev,5,20000000,Ariary (MGA),Volana
Madagascar,Antananarivo,dev,"5,5",6169090,Ariary (MGA),Volana
Madagascar,Antananarivo,dev,6,700000,Ariary (MGA),Volana
Madagascar,Antananarivo,dev,6,1300000,Ariary (MGA),Volana
Madagascar,Antananarivo,dev,6,2450000,Ariary (MGA),Volana
Madagascar,Antananarivo,dev,6,2500000,Ariary (MGA),Volana
Madagascar,Antananarivo,dev,6,2700000,Ariary (MGA),Volana
Madagascar,Antananarivo,dev,6,3300000,Ariary (MGA),Volana
Madagascar,Antananarivo,Frontend dev,6,6000000,Ariary (MGA),Volana
Madagascar,Fianarantsoa,Backend dev,6,6500000,Ariary (MGA),Volana
Madagascar,Antananarivo,dev,6,6700000,Ariary (MGA),Volana
Madagascar,Antananarivo,dev,6,7000000,Ariary (MGA),Volana
Madagascar,Mahajanga,dev,6,14000000,Ariary (MGA),Volana
Madagascar,Antananarivo,dev,7,3000000,Ariary (MGA),Volana
Madagascar,Antananarivo,dev,7,4000000,Ariary (MGA),Volana
Madagascar,Antananarivo,dev,7,4800000,Ariary (MGA),Volana
Madagascar,Antananarivo,dev,7,5750000,Ariary (MGA),Volana
Madagascar,Antananarivo,Fullstack dev,7,7920000,Ariary (MGA),Volana
Madagascar,Antananarivo,dev,7,9500000,Ariary (MGA),Volana
Madagascar,Antananarivo,dev,7,10500000,Ariary (MGA),Volana
Madagascar,Remote Belgique,Dev,7,22000000,Ariary (MGA),Volana
Madagascar,Antananarivo,Dev,8,1600000,Ariary (MGA),Volana
Madagascar,Madagascar,dev,8,4000000,Ariary (MGA),Volana
Madagascar,Antananarivo,dev,8,7000000,Ariary (MGA),Volana
Madagascar,Antananarivo,dev,8,10000000,Ariary (MGA),Volana
Madagascar,Antananarivo,dev,9,2500000,Ariary (MGA),Volana
Madagascar,Antananarivo,dev,9,4600000,Ariary (MGA),Volana
Madagascar,Antananarivo,dev,9,6000000,Ariary (MGA),Volana
Madagascar,Antananarivo,dev,10,3000000,Ariary (MGA),Volana
Madagascar,Antananarivo,devops,10,3000000,Ariary (MGA),Volana
Madagascar,antananarivo,dev,10,3500000,Ariary (MGA),Volana
Madagascar,Antananarivo,IA/ML Engineer,10,5000000,Ariary (MGA),Volana
Madagascar,Antananarivo,dev,10,5600000,Ariary (MGA),Volana
Madagascar,Antananarivo,dev,10,7300000,Ariary (MGA),Volana
Madagascar,Antananarivo,dev,10,11000000,Ariary (MGA),Volana
Madagascar,Remote USA,dev,11,37000000,Ariary (MGA),Volana
Madagascar,Antananarivo,devops,12,3700000,Ariary (MGA),Volana
Madagascar,Antananarivo,dev,12,7800000,Ariary (MGA),Volana
Madagascar,Antananarivo,dev,14,3600000,Ariary (MGA),Volana
Madagascar,Antananarivo,dev,16,15000000,Ariary (MGA),Volana
Maurice,Ebene,Frontend Dev,4,65000,MUR,Volana
Maurice,Ile Maurice,Senior BI Consultant,4,70000,MUR,Volana
Maurice,Maurice,Front-end Dev,5,50000,MUR,Volana
Maurice,Maurice,Senior Back-End Developer,5,70000,MUR,Volana
Maurice,Maurice,Developeur PHP Laravel,6,70000,MUR,Volana
Maurice,Maurice,Senior Software Engineer,8,120000,MUR,Volana
Maurice,Plaines Wilhems,Senior Web Developer,12,90000,MUR,Volana
Turquie,Bursa,Fullstack web developer,"2,5",9600,€ (EUR),Taona
UK,Remote,Senior software engineer,3,13000,€ (EUR),Taona
UK,Londre,Senior Symfony Full stack developper,4,16000,€ (EUR),Taona
UK,London,Software Engineer,7,160000,€ (EUR),Taona
USA,Remote,Software Engineer,10,144000,$ (USD),Taona
